<?xml version="1.0" encoding="UTF-8"?>
<!DOCTYPE suite SYSTEM "http://testng.org/testng-1.0.dtd">
<suite name="Suite">

	<test name="Validate">
		<classes>
			<class name="com.solveda.ob.testscript.Validate" />
		</classes>
	</test>
	
	 <test name="Homepage">
		<classes>
			<class name="com.solveda.ob.testscript.Homepage" />
		</classes>
	</test>

	<test name="Login">
		<classes>
			<class name="com.solveda.ob.testscript.Login" />
		</classes>
	</test>


	<test name="PLP">
		<classes>
			<class name="com.solveda.ob.testscript.PLP" />
		</classes>
	</test>

	<test name="PDP">
		<classes>
			<class name="com.solveda.ob.testscript.PDP" />
		</classes>
	</test>

	<test name="Checkout">
		<classes>
			<class name="com.solveda.ob.testscript.Checkout" />
		</classes>
	</test>

	<test name="WebSiteLoad">
		<classes>
			<class name="com.solveda.ob.testscript.WebSiteLoad" />
		</classes>
	</test>
 
</suite>
<!-- Suite -->
